Workbook
Name Slicer_Product: #N/A
Name Slicer_Region: #N/A
Name Slicer_Salesperson: #N/A

Sheet Sales Analysis
A1: Date | B1: Product | C1: Region | D1: Salesperson | E1: Quantity | F1: Unit Price | G1: Total Sales | H1: Performance
A2: 46149 | B2: Laptop | C2: Lagos | D2: John | E2: 2 | F2: 350000 | G2: =E2*F2 -> 700000 | H2: =IF(Table2[[#This Row],[Total Sales]]>=1000000,"High sales","Low sales") -> Low sales
A3: 46180 | B3: Phone | C3: Abuja | D3: Mary | E3: 5 | F3: 180000 | G3: =E3*F3 -> 900000 | H3: =IF(Table2[[#This Row],[Total Sales]]>=1000000,"High sales","Low sales") -> Low sales
A4: 46210 | B4: Headset | C4: Ibadan | D4: David | E4: 10 | F4: 25000 | G4: =E4*F4 -> 250000 | H4: =IF(Table2[[#This Row],[Total Sales]]>=1000000,"High sales","Low sales") -> Low sales
A5: 46241 | B5: Keyboard | C5: Lagos | D5: Grace | E5: 4 | F5: 45000 | G5: =E5*F5 -> 180000 | H5: =IF(Table2[[#This Row],[Total Sales]]>=1000000,"High sales","Low sales") -> Low sales
A6: 46272 | B6: Monitor | C6: Kano | D6: Peter | E6: 3 | F6: 120000 | G6: =E6*F6 -> 360000 | H6: =IF(Table2[[#This Row],[Total Sales]]>=1000000,"High sales","Low sales") -> Low sales
A7: 46302 | B7: Cables | C7: Lagos | D7: Victor | E7: 20 | F7: 30000 | G7: =E7*F7 -> 600000 | H7: =IF(Table2[[#This Row],[Total Sales]]>=1000000,"High sales","Low sales") -> Low sales
A8: 46333 | B8: Powerbank | C8: Kano | D8: Michael | E8: 2 | F8: 150000 | G8: =E8*F8 -> 300000 | H8: =IF(Table2[[#This Row],[Total Sales]]>=1000000,"High sales","Low sales") -> Low sales
A9: 46363 | B9: Laptop | C9: Portharcourt | D9: Joy | E9: 2 | F9: 500000 | G9: =E9*F9 -> 1000000 | H9: =IF(Table2[[#This Row],[Total Sales]]>=1000000,"High sales","Low sales") -> High sales
A10: 13/7/26 | B10: Headset | C10: Lagos | D10: Michael | E10: 12 | F10: 30000 | G10: =E10*F10 -> 360000 | H10: =IF(Table2[[#This Row],[Total Sales]]>=1000000,"High sales","Low sales") -> Low sales
A11: 14/7/26 | B11: Keyboard | C11: Abuja | D11: Mary | E11: 4 | F11: 50000 | G11: =E11*F11 -> 200000 | H11: =IF(Table2[[#This Row],[Total Sales]]>=1000000,"High sales","Low sales") -> Low sales
A12: 15/7/26 | B12: Cables | C12: Ibadan | D12: John | E12: 10 | F12: 15000 | G12: =E12*F12 -> 150000 | H12: =IF(Table2[[#This Row],[Total Sales]]>=1000000,"High sales","Low sales") -> Low sales
A13: 16/7/26 | B13: Powerbank | C13: Kano | D13: David | E13: 5 | F13: 75000 | G13: =E13*F13 -> 375000 | H13: =IF(Table2[[#This Row],[Total Sales]]>=1000000,"High sales","Low sales") -> Low sales
A14: 17/7/26 | B14: Monitor | C14: Lagos | D14: Grace | E14: 2 | F14: 80000 | G14: =E14*F14 -> 160000 | H14: =IF(Table2[[#This Row],[Total Sales]]>=1000000,"High sales","Low sales") -> Low sales
A15: 18/7/26 | B15: Laptop | C15: Portharcourt | D15: Michael | E15: 4 | F15: 700000 | G15: =E15*F15 -> 2800000 | H15: =IF(Table2[[#This Row],[Total Sales]]>=1000000,"High sales","Low sales") -> High sales
A16: 19/7/26 | B16: Phone | C16: Ondo | D16: Peter | E16: 5 | F16: 200000 | G16: =E16*F16 -> 1000000 | H16: =IF(Table2[[#This Row],[Total Sales]]>=1000000,"High sales","Low sales") -> High sales
A17: 20/7/26 | B17: Headset | C17: Abuja | D17: Joseph | E17: 10 | F17: 35000 | G17: =E17*F17 -> 350000 | H17: =IF(Table2[[#This Row],[Total Sales]]>=1000000,"High sales","Low sales") -> Low sales
A18: 21/7/26 | B18: Phone | C18: Ondo | D18: Daniel | E18: 2 | F18: 400000 | G18: =E18*F18 -> 800000 | H18: =IF(Table2[[#This Row],[Total Sales]]>=1000000,"High sales","Low sales") -> Low sales
A19: 22/7/26 | B19: Cables | C19: Lagos | D19: John | E19: 5 | F19: 10000 | G19: =E19*F19 -> 50000 | H19: =IF(Table2[[#This Row],[Total Sales]]>=1000000,"High sales","Low sales") -> Low sales
A20: 23/7/26 | B20: Powerbank | C20: Kano | D20: Peter | E20: 5 | F20: 75000 | G20: =E20*F20 -> 375000 | H20: =IF(Table2[[#This Row],[Total Sales]]>=1000000,"High sales","Low sales") -> Low sales
A21: 24/7/26 | B21: Phone | C21: Portharcourt | D21: Joy | E21: 2 | F21: 150000 | G21: =E21*F21 -> 300000 | H21: =IF(Table2[[#This Row],[Total Sales]]>=1000000,"High sales","Low sales") -> Low sales
A22: 25/7/26 | B22: Laptop | C22: Abuja | D22: Mary | E22: 1 | F22: 150000 | G22: =E22*F22 -> 150000 | H22: =IF(Table2[[#This Row],[Total Sales]]>=1000000,"High sales","Low sales") -> Low sales
A26: High Sales Transactions | C26: =COUNTIF(Table2[Performance],"High sales") -> 3
A27: Low Sales Transactions | C27: =COUNTIF(Table2[Performance],"Low sales") -> 18
A28: Total High Sales Revenue | C28: =SUMIF(Table2[Performance],"High sales",Table2[Total Sales]) -> 4800000
A29: Average High Sales Revenue | C29: =AVERAGEIF(Table2[Performance],"High sales",Table2[Total Sales]) -> 1600000

Sheet Pivot table
A1: Region | B1: Sum of Total Sales | D1: Products | E1: Sum of Total Sales | G1: Salesperson | H1: Sum of Total Sales
A2: Portharcourt | B2: 4100000 | D2: Laptop | E2: 4650000 | G2: Michael | H2: 3460000 | L2: Sales Analysis Summary
A3: Lagos | B3: 2050000 | D3: Phone | E3: 3000000 | G3: Peter | H3: 1735000 | L3: 1. Region with the highest total sales: Portharcourt {4,1000,0000}
A4: Ondo | B4: 1800000 | D4: Powerbank | E4: 1050000 | G4: Joy | H4: 1300000 | L4: 2. Product with the highest revenue: Laptop {4,650,000}
A5: Abuja | B5: 1600000 | D5: Headset | E5: 960000 | G5: Mary | H5: 1250000 | L5: 3. Best performing sales person: Michael {3,460,000}
A6: Kano | B6: 1410000 | D6: Cables | E6: 800000 | G6: John | H6: 900000 | L6: 4. Highest quantity of products sold: Victor {20}
A7: Ibadan | B7: 400000 | D7: Monitor | E7: 520000 | G7: Daniel | H7: 800000 | L7: 5. Region with the highest number of transactions: Lagos {6}
A8: Grand Total | B8: 11360000 | D8: Keyboard | E8: 380000 | G8: David | H8: 625000 | L8: 6. Region with the highest average sales per transaction: Portharcourt {1,366,667}
D9: Grand Total | E9: 11360000 | G9: Victor | H9: 600000
G10: Joseph | H10: 350000
G11: Grace | H11: 340000
G12: Grand Total | H12: 11360000
A15: Salesperson | B15: Sum of Quantity | D15: Region | E15: Count of Product | G15: Region | H15: Average of Total Sales
A16: Victor | B16: 20 | D16: Lagos | E16: 6 | G16: Portharcourt | H16: 1366666.7
A17: Michael | B17: 18 | D17: Abuja | E17: 4 | G17: Ondo | H17: 900000
A18: John | B18: 17 | D18: Kano | E18: 4 | G18: Abuja | H18: 400000
A19: David | B19: 15 | D19: Portharcourt | E19: 3 | G19: Kano | H19: 352500
A20: Peter | B20: 13 | D20: Ondo | E20: 2 | G20: Lagos | H20: 341666.67
A21: Joseph | B21: 10 | D21: Ibadan | E21: 2 | G21: Ibadan | H21: 200000
A22: Mary | B22: 10 | D22: Grand Total | E22: 21 | G22: Grand Total | H22: 540952.38
A23: Grace | B23: 6
A24: Joy | B24: 4
A25: Daniel | B25: 2
A26: Grand Total | B26: 115

Sheet Sales Charts

Sheet Dashboard
A3: Total Sales | B3: =GETPIVOTDATA("Total Sales",'Pivot table'!$A$1) -> 11360000 | N3: KEY BUSINESS INSIGHTS:
A4: Top Product | B4: ='Pivot table'!D2 -> Laptop | N4: Insight 1: Laptop generated the highest total sales.
A5: Top Region | B5: ='Pivot table'!A2 -> Portharcourt | N5: Insight 2: Portharcourt recorded the highest regional sales.
A6: Top Salesperson | B6: ='Pivot table'!G2 -> Michael | N6: Insight 3: Michael was top performing salesperson by total sales.
A7: Average Sales | B7: =GETPIVOTDATA("Total Sales",'Pivot table'!$G$15) -> 540952.38 | N7: Insight 4: Lagos recorded the highest number of transaction.
N8: Insight 5: Laptop and Portharcourt were major contributors to overall revenue.
